PLAYER_NAME,total_attempts,total_makes,total_poe,total_xp,total_actual_points,avg_xp_prob,fg_pct,poe_per_100,shooting_skill,expected_fg_pct,fg_residual,fg_residual_pct
AJ Green,371,164,71.52891715824082,400.4710828417592,472,0.37627720555532673,0.4420485175202156,19.280031579040653,0.06577131196488889,0.37627720555532673,0.06577131196488889,6.577131196488889
Aaron Gordon,273,139,14.497315845668123,305.50268415433186,320,0.48934093919466665,0.5091575091575091,5.310372104640338,0.01981656996284248,0.48934093919466665,0.01981656996284248,1.9816569962842479
Aaron Nesmith,360,140,-28.50849465629318,383.5084946562932,355,0.43099400948910843,0.3888888888888889,-7.919026293414773,-0.04210512060021954,0.43099400948910843,-0.04210512060021954,-4.210512060021953
Aaron Wiggins,344,153,1.071015803011759,378.92898419698827,380,0.4506814436372002,0.44476744186046513,0.3113418032010927,-0.005914001776735067,0.4506814436372002,-0.005914001776735067,-0.5914001776735067
Ace Bailey,494,221,-42.8470494325631,553.8470494325632,511,0.48360516460184266,0.4473684210526316,-8.673491787968238,-0.03623674354921108,0.48360516460184266,-0.03623674354921108,-3.623674354921108
Ajay Mitchell,456,222,22.56126083379854,469.43873916620146,492,0.45941598434224906,0.4868421052631579,4.947644919692662,0.027426120920908847,0.45941598434224906,0.027426120920908847,2.7426120920908845
Alex Sarr,575,285,-29.66643858031015,639.6664385803101,610,0.5190746803988402,0.4956521739130435,-5.159380622662635,-0.02342250648579669,0.5190746803988402,-0.02342250648579669,-2.342250648579669
Alperen Sengun,714,354,-18.025779794625198,751.0257797946252,733,0.5052560024334202,0.4957983193277311,-2.52461901885507,-0.009457683105689063,0.5052560024334202,-0.009457683105689063,-0.9457683105689063
Amen Thompson,681,342,-81.86354787559407,782.863547875594,701,0.5514840103323301,0.5022026431718062,-12.021078983200303,-0.04928136716052389,0.5514840103323301,-0.04928136716052389,-4.928136716052389
Andrew Nembhard,578,253,10.11190811782846,574.8880918821716,585,0.43041935696913053,0.43771626297577854,1.7494650722886609,0.007296906006648007,0.43041935696913053,0.007296906006648007,0.7296906006648007
Andrew Wiggins,648,305,16.914490854942542,691.0855091450575,708,0.46352771280440314,0.470679012345679,2.6102609344047134,0.007151299541275857,0.46352771280440314,0.007151299541275857,0.7151299541275857
Anfernee Simons,615,273,69.68996870258582,617.3100312974142,687,0.3974059005028286,0.44390243902439025,11.331702228062735,0.04649653852156166,0.3974059005028286,0.04649653852156166,4.649653852156166
Anthony Black,655,301,-49.794091691287434,737.7940916912875,688,0.4926142412091793,0.4595419847328244,-7.602151403249991,-0.03307225647635487,0.4926142412091793,-0.03307225647635487,-3.3072256476354864
Anthony Davis,334,169,-23.125753305719645,371.1257533057196,348,0.5355646381494552,0.5059880239520959,-6.923878235245402,-0.029576614197359352,0.5355646381494552,-0.029576614197359352,-2.957661419735935
Anthony Edwards,930,458,91.68341705491224,975.3165829450877,1067,0.4507265959950512,0.4924731182795699,9.858431941388412,0.041746522284518695,0.4507265959950512,0.041746522284518695,4.174652228451869
Ausar Thompson,400,204,-50.862478233394555,464.86247823339454,414,0.5723666277368803,0.51,-12.71561955834864,-0.06236662773688029,0.5723666277368803,-0.06236662773688029,-6.236662773688028
Austin Reaves,423,215,59.56379037649105,439.43620962350894,499,0.4398228359607522,0.508274231678487,14.081274320683463,0.06845139571773473,0.4398228359607522,0.06845139571773473,6.845139571773473
Ayo Dosunmu,510,263,44.263400588664425,573.7365994113355,618,0.4896448688432363,0.515686274509804,8.679098154640084,0.026041405666567652,0.4896448688432363,0.026041405666567652,2.604140566656765
Bam Adebayo,686,306,-46.61028302021422,734.6102830202142,688,0.47528658488777425,0.446064139941691,-6.794501897990411,-0.02922244494608328,0.47528658488777425,-0.02922244494608328,-2.922244494608328
Bennedict Mathurin,358,155,-2.7991489378684298,370.79914893786844,368,0.4395986705720013,0.4329608938547486,-0.7818851781755392,-0.006637776717252686,0.4395986705720013,-0.006637776717252686,-0.6637776717252686
Bilal Coulibaly,260,101,-77.41807457565982,307.41807457565983,230,0.5145599421799409,0.38846153846153847,-29.77618252909993,-0.12609840371840247,0.5145599421799409,-0.12609840371840247,-12.609840371840248
Bobby Portis,543,263,79.35043753156485,540.6495624684352,620,0.4277678287218854,0.4843462246777164,14.61334024522373,0.056578395955830973,0.4277678287218854,0.056578395955830973,5.657839595583098
Bones Hyland,262,123,25.392751521659953,282.60724847834007,308,0.4277283523425129,0.46946564885496184,9.69188989376334,0.04173729651244895,0.4277283523425129,0.04173729651244895,4.173729651244895
Brandin Podziemski,510,229,26.466990190118107,521.533009809882,548,0.42640774668722464,0.44901960784313727,5.189605919631001,0.022611861155912627,0.42640774668722464,0.022611861155912627,2.2611861155912627
Brandon Ingram,901,425,44.37383682387421,900.6261631761258,945,0.4471079982212867,0.4716981132075472,4.924954142494363,0.02459011498626046,0.4471079982212867,0.02459011498626046,2.4590114986260456
Brandon Miller,610,260,-12.623668882972579,640.6236688829725,628,0.43868666220193886,0.4262295081967213,-2.0694539152414064,-0.012457154005217574,0.43868666220193886,-0.012457154005217574,-1.2457154005217574
Brandon Williams,425,199,-32.601401132057255,454.6014011320573,422,0.489027131235521,0.4682352941176471,-7.670917913425236,-0.020791837117873913,0.489027131235521,-0.020791837117873913,-2.0791837117873913
Brice Sensabaugh,480,215,10.672118728810474,507.32788127118954,518,0.43038224254497087,0.4479166666666667,2.2233580685021823,0.017534424121695813,0.43038224254497087,0.017534424121695813,1.7534424121695813
Brook Lopez,272,102,-15.779180325388852,284.77918032538884,269,0.39988011415234787,0.375,-5.801169237275313,-0.024880114152347865,0.39988011415234787,-0.024880114152347865,-2.4880114152347863
Bruce Brown,338,155,-23.669156050339236,362.6691560503392,339,0.4898483561061938,0.45857988165680474,-7.00270889063291,-0.03126847444938907,0.4898483561061938,-0.03126847444938907,-3.126847444938907
Bub Carrington,456,183,15.897723246938936,460.10227675306106,476,0.39684327012269954,0.40131578947368424,3.48634281731117,0.004472519350984694,0.39684327012269954,0.004472519350984694,0.4472519350984694
Buddy Hield,301,130,5.310930454649707,321.68906954535026,327,0.4174896946004064,0.4318936877076412,1.764428722474986,0.01440399310723478,0.4174896946004064,0.01440399310723478,1.440399310723478
CJ McCollum,761,348,61.22324113554446,765.7767588644556,827,0.42350379023125445,0.45729303547963207,8.045103959992703,0.03378924524837762,0.42350379023125445,0.03378924524837762,3.378924524837762
Cade Cunningham,887,407,-16.816304410808144,914.8163044108081,898,0.4631315134954742,0.4588500563697858,-1.895862954995281,-0.004281457125688393,0.4631315134954742,-0.004281457125688393,-0.42814571256883927
Caleb Love,473,185,-33.39957538414152,493.39957538414154,460,0.4161342034855282,0.39112050739957716,-7.06122101144641,-0.025013696085951054,0.4161342034855282,-0.025013696085951054,-2.5013696085951054
Cam Spencer,399,193,92.30635171742071,403.69364828257926,496,0.3968506757837279,0.48370927318295737,23.134423989328496,0.08685859739922946,0.3968506757837279,0.08685859739922946,8.685859739922947
Cam Thomas,313,124,-20.99244639968539,306.9924463996854,286,0.4232287864030059,0.3961661341853035,-6.706851884883512,-0.027062652217702377,0.4232287864030059,-0.027062652217702377,-2.706265221770238
Cameron Johnson,259,123,18.392867224424442,285.60713277557556,304,0.45762808715925996,0.4749034749034749,7.1014931368434135,0.017275387744214943,0.45762808715925996,0.017275387744214943,1.7275387744214943
Cason Wallace,370,160,-28.70501805401229,419.70501805401227,391,0.467333360769194,0.43243243243243246,-7.75811298757089,-0.03490092833676156,0.467333360769194,-0.03490092833676156,-3.4900928336761563
Cedric Coward,498,233,-12.461862560881563,549.4618625608815,537,0.4740754550480232,0.4678714859437751,-2.5023820403376633,-0.006203969104248086,0.4740754550480232,-0.006203969104248086,-0.6203969104248086
Chet Holmgren,548,309,30.902259835511824,648.0977401644882,679,0.5342263345909737,0.5638686131386861,5.6390985101298945,0.029642278547712397,0.5342263345909737,0.029642278547712397,2.9642278547712397
Coby White,393,172,-4.8703872342845145,420.8703872342845,416,0.44109012005895704,0.43765903307888043,-1.2392842835329554,-0.003431086980076603,0.44109012005895704,-0.003431086980076603,-0.3431086980076603
Collin Gillespie,562,246,78.84098600458285,573.1590139954171,652,0.390902404109159,0.4377224199288256,14.02864519654499,0.046820015819666605,0.390902404109159,0.046820015819666605,4.68200158196666
Collin Murray-Boyles,257,142,-15.569415965845602,315.5694159658456,300,0.5808569736994339,0.5525291828793775,-6.05813850811113,-0.02832779082005643,0.5808569736994339,-0.02832779082005643,-2.832779082005643
Collin Sexton,446,215,22.39670335809426,466.60329664190573,489,0.46055510203596584,0.4820627802690583,5.021682367285709,0.021507678233092464,0.46055510203596584,0.021507678233092464,2.1507678233092467
Cooper Flagg,770,373,-7.005037507063781,805.0050375070638,798,0.4821806476091555,0.4844155844155844,-0.9097451307875041,0.002234936806428889,0.4821806476091555,0.002234936806428889,0.22349368064288888
Daniss Jenkins,290,124,-2.3229384810515437,293.32293848105155,291,0.4368102626804764,0.42758620689655175,-0.8010132693281186,-0.009224055783924656,0.4368102626804764,-0.009224055783924656,-0.9224055783924656
Danny Wolf,281,115,-38.080055164772084,311.0800551647721,273,0.46887663883605346,0.4092526690391459,-13.551621055079032,-0.05962396979690754,0.46887663883605346,-0.05962396979690754,-5.962396979690753
Darius Garland,377,170,19.880849581957854,379.1191504180421,399,0.4255923578478357,0.4509283819628647,5.2734349023760885,0.025336024115029,0.4255923578478357,0.025336024115029,2.5336024115029
Davion Mitchell,338,160,19.253840802224826,353.74615919777517,373,0.45220878406770365,0.47337278106508873,5.696402604208528,0.02116399699738508,0.45220878406770365,0.02116399699738508,2.1163996997385084
Day'Ron Sharpe,264,160,6.10994128830313,320.8900587116969,327,0.5854531855779413,0.6060606060606061,2.3143717001148216,0.02060742048266473,0.5854531855779413,0.02060742048266473,2.060742048266473
De'Aaron Fox,651,312,39.840151651690356,671.1598483483097,711,0.4459484007036192,0.4792626728110599,6.119838963393296,0.0333142721074407,0.4459484007036192,0.0333142721074407,3.33142721074407
De'Andre Hunter,501,208,-30.819432581244772,521.8194325812448,491,0.43145856985858994,0.4151696606786427,-6.151583349549855,-0.016288909179947242,0.43145856985858994,-0.016288909179947242,-1.6288909179947242
De'Anthony Melton,269,111,-25.78265159646264,281.78265159646264,256,0.4391917220080725,0.41263940520446096,-9.58462884626864,-0.02655231680361153,0.4391917220080725,-0.02655231680361153,-2.655231680361153
DeMar DeRozan,730,363,86.68396124408964,679.3160387559103,766,0.4363110591753954,0.49726027397260275,11.87451523891639,0.06094921479720733,0.4363110591753954,0.06094921479720733,6.094921479720733
Deandre Ayton,412,278,75.97828637667632,480.0217136233237,556,0.5825506233292763,0.6747572815533981,18.44133164482435,0.09220665822412177,0.5825506233292763,0.09220665822412177,9.220665822412178
Deni Avdija,751,351,-2.9085080698149612,806.908508069815,804,0.4683238444187746,0.4673768308921438,-0.3872846963801546,-0.0009470135266307911,0.4683238444187746,-0.0009470135266307911,-0.09470135266307911
Dennis Schröder,452,182,-24.467500920684742,446.46750092068476,422,0.4231020973310663,0.4026548672566372,-5.413163920505474,-0.020447230074429112,0.4231020973310663,-0.020447230074429112,-2.0447230074429115
Derik Queen,519,255,-49.9132846736411,573.9132846736411,524,0.5343164328404747,0.4913294797687861,-9.617203212647611,-0.042986953071688594,0.5343164328404747,-0.042986953071688594,-4.29869530716886
Derrick White,787,307,-34.27471694881486,795.2747169488149,761,0.4031029975127937,0.3900889453621347,-4.355110158680415,-0.013014052150659039,0.4031029975127937,-0.013014052150659039,-1.301405215065904
Desmond Bane,780,365,18.538743137012677,805.4612568629873,824,0.4554111277546282,0.46794871794871795,2.3767619406426506,0.012537590194089732,0.4554111277546282,0.012537590194089732,1.2537590194089732
Devin Booker,766,349,22.47343856771697,746.5265614322831,769,0.4341831854124145,0.4556135770234987,2.933869264715009,0.021430391611084176,0.4341831854124145,0.021430391611084176,2.1430391611084176
Devin Vassell,477,201,2.8132523240487277,493.18674767595127,496,0.4154215892315286,0.42138364779874216,0.5897803614357919,0.005962058567213546,0.4154215892315286,0.005962058567213546,0.5962058567213546
Dillon Brooks,819,361,27.983913604039778,808.0160863959602,836,0.4226235389072167,0.44078144078144077,3.416839267892525,0.01815790187422406,0.4226235389072167,0.01815790187422406,1.8157901874224058
Dominick Barlow,252,140,-13.926649105043722,310.92664910504374,297,0.5707239744159063,0.5555555555555556,-5.526448057557032,-0.015168418860350696,0.5707239744159063,-0.015168418860350696,-1.5168418860350696
Donovan Clingan,424,222,-28.67123362239971,521.6712336223997,493,0.548794270815472,0.5235849056603774,-6.762083401509365,-0.025209365155094643,0.548794270815472,-0.025209365155094643,-2.5209365155094643
Donovan Mitchell,1041,505,120.72673838637547,1072.2732616136245,1193,0.4321421813320852,0.4851104707012488,11.597189086107154,0.05296828936916359,0.4321421813320852,0.05296828936916359,5.296828936916359
Donte DiVincenzo,583,241,14.497136568940826,637.5028634310592,652,0.40839343340076106,0.41337907375643224,2.486644351447826,0.004985640355671173,0.40839343340076106,0.004985640355671173,0.49856403556711726
Draymond Green,329,137,-22.978163393341056,364.97816339334105,342,0.4383055405111313,0.41641337386018235,-6.984244192504881,-0.021892166650948952,0.4383055405111313,-0.021892166650948952,-2.189216665094895
Dru Smith,271,111,-30.260829351537016,287.26082935153704,257,0.4523546345964348,0.4095940959409594,-11.166357694294101,-0.04276053865547541,0.4523546345964348,-0.04276053865547541,-4.276053865547541
Duncan Robinson,470,207,52.65329127150807,508.34670872849193,561,0.39808312445055055,0.44042553191489364,11.202827930108098,0.04234240746434309,0.39808312445055055,0.04234240746434309,4.234240746434309
Dylan Harper,387,177,-46.84120737186336,426.8412073718634,380,0.5027584573183396,0.4573643410852713,-12.10367115552025,-0.04539411623306827,0.5027584573183396,-0.04539411623306827,-4.539411623306827
Dyson Daniels,538,265,-54.679357568987434,594.6793575689875,540,0.527383298154314,0.49256505576208176,-10.163449362265323,-0.03481824239223219,0.527383298154314,-0.03481824239223219,-3.481824239223219
Egor Dëmin,398,162,12.982537768278263,424.01746223172177,437,0.40392145597613416,0.40703517587939697,3.2619441628839856,0.0031137199032628127,0.40392145597613416,0.0031137199032628127,0.31137199032628127
Evan Mobley,568,291,-43.84383441248776,673.8438344124878,630,0.5426652499914104,0.5123239436619719,-7.718984931776014,-0.030341306329438544,0.5426652499914104,-0.030341306329438544,-3.0341306329438544
Franz Wagner,421,204,5.271942230260928,443.72805776973905,449,0.4801246961688595,0.4845605700712589,1.2522428100382252,0.004435873902399412,0.4801246961688595,0.004435873902399412,0.4435873902399412
Gary Trent Jr.,343,133,0.2569265622006507,357.74307343779935,358,0.38791395735820416,0.3877551020408163,0.07490570326549582,-0.00015885531738785152,0.38791395735820416,-0.00015885531738785152,-0.015885531738785152
Giannis Antetokounmpo,487,314,37.12970617812171,605.8702938218782,643,0.608220595895828,0.6447638603696099,7.624169646431563,0.03654326447378187,0.608220595895828,0.03654326447378187,3.6543264473781867
Gradey Dick,287,122,-26.231239514838528,316.23123951483853,290,0.4558316620546418,0.4250871080139373,-9.139804709002972,-0.03074455404070453,0.4558316620546418,-0.03074455404070453,-3.074455404070453
Grayson Allen,471,197,20.920790771650843,490.07920922834916,511,0.4022791293804781,0.4182590233545648,4.441781480180646,0.015979893974086667,0.4022791293804781,0.015979893974086667,1.5979893974086667
Harrison Barnes,425,187,2.1358413545741333,470.86415864542585,473,0.4373189613088305,0.44,0.5025509069586196,0.0026810386911694795,0.4373189613088305,0.0026810386911694795,0.26810386911694795
Herbert Jones,272,106,-49.9937976560145,304.9937976560145,255,0.4637032076566236,0.3897058823529412,-18.38007266765239,-0.07399732530368242,0.4637032076566236,-0.07399732530368242,-7.399732530368242
Immanuel Quickley,679,302,51.72777749871732,687.2722225012827,739,0.41186499800062837,0.44477172312223856,7.618229381254392,0.03290672512161019,0.41186499800062837,0.03290672512161019,3.290672512161019
Isaac Okoro,322,150,-28.636534978123123,376.6365349781231,348,0.4980431670884775,0.4658385093167702,-8.893333844137615,-0.032204657771707335,0.4980431670884775,-0.032204657771707335,-3.2204657771707335
Isaiah Collier,349,178,19.36811202508449,356.6318879749155,376,0.4738049290023054,0.5100286532951289,5.549602299451143,0.0362237242928235,0.4738049290023054,0.0362237242928235,3.62237242928235
Isaiah Joe,326,142,35.56733673974628,352.4326632602537,388,0.39710159795379896,0.43558282208588955,10.910225993787202,0.0384812241320906,0.39710159795379896,0.0384812241320906,3.84812241320906
Isaiah Stewart,339,183,-1.4000981313775824,401.4000981313776,400,0.5338890257381291,0.5398230088495575,-0.4130082983414697,0.0059339831114283426,0.5338890257381291,0.0059339831114283426,0.5933983111428343
Ivica Zubac,429,263,16.85882010926609,509.1411798907339,526,0.5934046385672889,0.6130536130536131,3.929794897264823,0.01964897448632419,0.5934046385672889,0.01964897448632419,1.9648974486324189
Ja Morant,322,132,-44.27491504846,328.27491504846,284,0.4620952589570222,0.40993788819875776,-13.749973617534161,-0.05215737075826443,0.4620952589570222,-0.05215737075826443,-5.215737075826443
Jabari Smith Jr.,625,273,-13.903671419600741,670.9036714196008,657,0.44543039918076704,0.4368,-2.2245874271361186,-0.008630399180767023,0.44543039918076704,-0.008630399180767023,-0.8630399180767023
Jaden McDaniels,577,299,42.96327859845445,636.0367214015455,679,0.4930830633082379,0.5181975736568457,7.445975493666284,0.025114510348607788,0.4930830633082379,0.025114510348607788,2.511451034860779
Jaime Jaquez Jr.,600,304,3.4382338514548647,631.5617661485452,635,0.4964189747019611,0.5066666666666667,0.5730389752424774,0.010247691964705596,0.4964189747019611,0.010247691964705596,1.0247691964705596
Jake LaRavia,377,174,-15.75737522891609,422.7573752289161,407,0.47078489482411257,0.46153846153846156,-4.179675127033446,-0.009246433285651001,0.47078489482411257,-0.009246433285651001,-0.9246433285651001
Jalen Brunson,987,463,80.54040223997814,985.4595977600219,1066,0.4305761934574915,0.4690982776089159,8.160121807495251,0.03852208415142444,0.4305761934574915,0.03852208415142444,3.852208415142444
Jalen Duren,480,303,7.450109146219431,598.5498908537805,606,0.6234894696393547,0.63125,1.552106072129048,0.007760530360645279,0.6234894696393547,0.007760530360645279,0.7760530360645279
Jalen Johnson,846,425,25.09733442934596,906.902665570654,932,0.48705667089708404,0.5023640661938534,2.966587994012525,0.015307395296769388,0.48705667089708404,0.015307395296769388,1.5307395296769388
Jalen Smith,328,160,4.9688219667410145,381.031178033259,386,0.48355219876536515,0.4878048780487805,1.5148847459576265,0.004252679283415328,0.48355219876536515,0.004252679283415328,0.4252679283415328
Jalen Suggs,356,159,-2.005211147312549,380.00521114731254,378,0.43899076834538564,0.44662921348314605,-0.563261558233862,0.007638445137760408,0.43899076834538564,0.007638445137760408,0.7638445137760408
Jalen Williams,353,164,-28.09171529255036,374.09171529255036,346,0.49789486878287564,0.46458923512747874,-7.957993000722483,-0.033305633655396905,0.49789486878287564,-0.033305633655396905,-3.3305633655396907
Jamal Murray,919,447,134.093584463692,916.906415536308,1051,0.4274110717312521,0.48639825897714906,14.591249669607398,0.058987187245896966,0.4274110717312521,0.058987187245896966,5.898718724589696
Jamal Shead,345,127,-45.07715298316226,360.07715298316225,315,0.42502756258840363,0.3681159420289855,-13.065841444394858,-0.05691162055941812,0.42502756258840363,-0.05691162055941812,-5.6911620559418115
James Harden,800,337,-2.353351228901185,818.3533512289011,816,0.42252338013153673,0.42125,-0.29416890361264814,-0.0012733801315367166,0.42252338013153673,-0.0012733801315367166,-0.12733801315367166
Jarace Walker,465,186,-33.3821328620814,489.3821328620814,456,0.43693673411999145,0.4,-7.178953303673419,-0.03693673411999143,0.43693673411999145,-0.03693673411999143,-3.6936734119991432
Jaren Jackson Jr.,706,334,31.899045986707314,719.1009540132927,751,0.4489449710039517,0.4730878186968839,4.518278468372141,0.02414284769293218,0.4489449710039517,0.02414284769293218,2.414284769293218
Jarrett Allen,390,240,11.618954787900371,469.38104521209965,481,0.5974682991246082,0.6153846153846154,2.9792191763847105,0.017916316260007226,0.5974682991246082,0.017916316260007226,1.7916316260007226
Javonte Green,272,123,-9.685068243180122,311.6850682431801,302,0.46947480718048656,0.4522058823529412,-3.560686854110339,-0.017268924827545384,0.46947480718048656,-0.017268924827545384,-1.7268924827545384
Jay Huff,357,167,-15.422119519878168,423.42211951987815,408,0.47874886136723704,0.4677871148459384,-4.319921434139543,-0.010961746521298665,0.47874886136723704,-0.010961746521298665,-1.0961746521298665
Jaylen Brown,1085,525,78.25673988989936,1071.7432601101007,1150,0.4472431982024241,0.4838709677419355,7.212602754829435,0.03662776953951141,0.4472431982024241,0.03662776953951141,3.6627769539511412
Jaylen Wells,514,210,-40.26706881617207,549.2670688161721,509,0.43847490081755025,0.4085603112840467,-7.834060080967328,-0.029914589533503566,0.43847490081755025,-0.029914589533503566,-2.9914589533503566
Jaylon Tyson,506,261,57.90059364486499,568.099406355135,626,0.4813577464746314,0.5158102766798419,11.442805068155137,0.034452530205210496,0.4813577464746314,0.034452530205210496,3.44525302052105
Jerami Grant,499,220,-19.62287591509986,548.6228759150998,529,0.4632412891002199,0.4408817635270541,-3.932440063146265,-0.022359525573165784,0.4632412891002199,-0.022359525573165784,-2.2359525573165784
Jeremiah Fears,640,276,-69.85980830405711,679.8598083040571,610,0.48142682116920976,0.43125,-10.915595047508923,-0.05017682116920974,0.48142682116920976,-0.05017682116920974,-5.017682116920974
Jimmy Butler III,462,240,7.8611971884628655,504.1388028115371,512,0.5119032340720473,0.5194805194805194,1.7015578330006202,0.007577285408472134,0.5119032340720473,0.007577285408472134,0.7577285408472134
Jock Landale,411,216,29.8601879968163,458.1398120031837,488,0.4943669423156893,0.5255474452554745,7.265252553969903,0.031180502939785193,0.4943669423156893,0.031180502939785193,3.118050293978519
Joel Embiid,563,278,26.206389892695714,568.7936101073043,595,0.46633819039826113,0.4937833037300178,4.654776179874904,0.027445113331756643,0.46633819039826113,0.027445113331756643,2.744511333175664
John Collins,463,262,52.11485335649572,542.8851466435043,595,0.5200694268044918,0.5658747300215983,11.255907852374886,0.04580530321710652,0.5200694268044918,0.04580530321710652,4.580530321710652
Jonas Valančiūnas,267,154,26.301877369191416,286.6981226308086,313,0.524446039980033,0.5767790262172284,9.850890400446223,0.0523329862371954,0.524446039980033,0.0523329862371954,5.23329862371954
Jordan Clarkson,392,169,-15.614142473591013,414.614142473591,399,0.4426849103440834,0.43112244897959184,-3.983199610609952,-0.011562461364491572,0.4426849103440834,-0.011562461364491572,-1.1562461364491572
Jordan Goodwin,407,165,-31.47231086285412,437.4723108628541,406,0.4414580922565004,0.40540540540540543,-7.7327545117577685,-0.03605268685109497,0.4414580922565004,-0.03605268685109497,-3.6052686851094973
Jordan Poole,338,125,-35.553315157253465,356.55331515725345,321,0.4176537068147911,0.3698224852071006,-10.518732295045403,-0.04783122160769049,0.4176537068147911,-0.04783122160769049,-4.783122160769048
Jose Alvarado,292,122,4.249457523245222,311.7505424767548,316,0.4101367868469777,0.4178082191780822,1.455293672344254,0.007671432331104511,0.4101367868469777,0.007671432331104511,0.7671432331104511
Josh Giddey,470,217,-11.838396638671796,504.8383966386718,493,0.47503174742005094,0.46170212765957447,-2.5188077954620844,-0.013329619760476474,0.47503174742005094,-0.013329619760476474,-1.3329619760476474
Josh Hart,377,189,32.05124587405,410.94875412595,443,0.46577946019523486,0.5013262599469496,8.50165673051724,0.03554679975171471,0.46577946019523486,0.03554679975171471,3.554679975171471
Jrue Holiday,309,138,9.757829000143813,321.24217099985617,331,0.43055380296475954,0.44660194174757284,3.1578734628297127,0.016048138782813304,0.43055380296475954,0.016048138782813304,1.6048138782813304
Julian Champagnie,445,190,8.440865035421877,499.5591349645781,508,0.4190508672831755,0.42696629213483145,1.8968236034655905,0.007915424851655972,0.4190508672831755,0.007915424851655972,0.7915424851655972
Julius Randle,867,424,-0.8402653110443226,932.8402653110443,932,0.4822937661345409,0.48904267589388695,-0.09691641419196338,0.006748909759346056,0.4822937661345409,0.006748909759346056,0.6748909759346056
Justin Champagnie,289,144,-19.493335438032194,340.4933354380322,321,0.5232802551589992,0.4982698961937716,-6.745098767485189,-0.02501035896522763,0.5232802551589992,-0.02501035896522763,-2.501035896522763
Jusuf Nurkić,352,176,7.077779344011509,369.9222206559885,377,0.48909883315343056,0.5,2.0107327681850875,0.010901166846569443,0.48909883315343056,0.010901166846569443,1.0901166846569443
Karl-Anthony Towns,684,317,-58.43936740544649,770.4393674054464,712,0.5057059330626831,0.46345029239766083,-8.543767164538961,-0.04225564066502224,0.5057059330626831,-0.04225564066502224,-4.2255640665022245
Kawhi Leonard,769,381,89.90158129833854,779.0984187016614,869,0.4417687689055975,0.49544863459037713,11.690712782618796,0.053679865684779615,0.4417687689055975,0.053679865684779615,5.367986568477962
Keegan Murray,259,111,-10.382680418621621,257.38268041862165,247,0.433870566352957,0.42857142857142855,-4.008756918386727,-0.005299137781528462,0.433870566352957,-0.005299137781528462,-0.5299137781528462
Kel'el Ware,429,229,-26.51633158080982,542.5163315808098,516,0.569637243894579,0.5337995337995338,-6.180963072449841,-0.03583771009504522,0.569637243894579,-0.03583771009504522,-3.5837710095045217
Keldon Johnson,482,266,50.619950059305935,544.3800499406941,595,0.5019357289284961,0.5518672199170125,10.502064327656834,0.04993149098851635,0.5019357289284961,0.04993149098851635,4.993149098851635
Kelly Oubre Jr.,335,160,7.014462172246003,370.985537827754,378,0.46989414049493644,0.47761194029850745,2.0938693051480604,0.007717799803571013,0.46989414049493644,0.007717799803571013,0.7717799803571013
Kentavious Caldwell-Pope,358,148,-16.55827303979394,366.55827303979396,350,0.4255397782122349,0.4134078212290503,-4.625215932903335,-0.012131956983184589,0.4255397782122349,-0.012131956983184589,-1.2131956983184589
Kevin Durant,857,437,145.86469250013948,838.1353074998606,984,0.4321714836908536,0.5099183197199533,17.02038418904778,0.07774683602909965,0.4321714836908536,0.07774683602909965,7.774683602909965
Kevin Huerter,414,188,-5.840370476407633,451.84037047640766,446,0.4453547032330246,0.45410628019323673,-1.4107175063786555,0.008751576960212115,0.4453547032330246,0.008751576960212115,0.8751576960212115
Kevin Porter Jr.,353,160,-19.178111157774865,378.1781111577749,359,0.47410895056029667,0.45325779036827196,-5.4328926792563355,-0.02085116019202471,0.47410895056029667,-0.02085116019202471,-2.085116019202471
Keyonte George,782,358,42.95759282563072,793.0424071743693,836,0.43256516671777623,0.4578005115089514,5.493298315298046,0.025235344791175174,0.43256516671777623,0.025235344791175174,2.5235344791175174
Khris Middleton,300,130,-2.5716073828727577,295.57160738287274,293,0.4321645822389891,0.43333333333333335,-0.8572024609575859,0.0011687510943442225,0.4321645822389891,0.0011687510943442225,0.11687510943442225
Klay Thompson,508,196,-0.3716984548507303,531.3716984548507,531,0.389803156707099,0.3858267716535433,-0.0731689871753406,-0.003976385053555687,0.389803156707099,-0.003976385053555687,-0.39763850535556866
Kobe Sanders,253,114,5.8258374799249575,269.174162520075,275,0.4438550845083729,0.4505928853754941,2.302702561235161,0.006737800867121169,0.4438550845083729,0.006737800867121169,0.6737800867121169
Kon Knueppel,711,345,108.0133517464356,760.9866482535645,869,0.42868428217546706,0.48523206751054854,15.191751300483208,0.05654778533508148,0.42868428217546706,0.05654778533508148,5.654778533508148
Kris Dunn,322,152,13.27861152553384,344.72138847446615,358,0.44895101318392305,0.4720496894409938,4.123792399234112,0.023098676257070738,0.44895101318392305,0.023098676257070738,2.309867625707074
Kyle Filipowski,393,190,-16.888272875813016,441.888272875813,425,0.498750052328166,0.48346055979643765,-4.297270451860818,-0.015289492531728344,0.498750052328166,-0.015289492531728344,-1.5289492531728344
Kyle Kuzma,475,233,-5.116935534013794,517.1169355340138,512,0.4912075978841139,0.4905263157894737,-1.077249586108167,-0.0006812820946401899,0.4912075978841139,-0.0006812820946401899,-0.06812820946401899
Kyshawn George,516,229,13.98443036918906,533.0155696308109,547,0.4355942027420111,0.4437984496124031,2.7101609242614453,0.008204246870392007,0.4355942027420111,0.008204246870392007,0.8204246870392007
LaMelo Ball,741,298,-17.361395850578116,761.3613958505781,744,0.4166927931155382,0.40215924426450744,-2.342968400887735,-0.014533548851030753,0.4166927931155382,-0.014533548851030753,-1.4533548851030753
Lauri Markkanen,768,367,-3.0965359531175247,850.0965359531175,847,0.4800452532191941,0.4778645833333333,-0.4031947855621777,-0.0021806698858607976,0.4800452532191941,-0.0021806698858607976,-0.21806698858607976
LeBron James,568,285,-5.781367622229365,624.7813676222294,619,0.4996451498895679,0.5017605633802817,-1.017846412364325,0.002115413490713869,0.4996451498895679,0.002115413490713869,0.21154134907138689
Luguentz Dort,329,130,-14.686820642830344,358.68682064283036,344,0.4133166860005451,0.3951367781155015,-4.464079222744786,-0.01817990788504359,0.4133166860005451,-0.01817990788504359,-1.817990788504359
Luka Dončić,923,437,114.3191478561605,908.6808521438395,1023,0.41075124277948377,0.4734561213434453,12.385606484957801,0.06270487856396151,0.41075124277948377,0.06270487856396151,6.270487856396151
Luke Kennard,252,136,82.03416131575699,266.965838684243,349,0.4161976846292455,0.5396825396825397,32.55323861736388,0.12348485505329415,0.4161976846292455,0.12348485505329415,12.348485505329416
Malik Monk,436,190,25.072863777281107,443.9271362227189,469,0.42401637924135654,0.43577981651376146,5.75065682965163,0.01176343727240492,0.42401637924135654,0.01176343727240492,1.176343727240492
Marcus Smart,337,137,-15.429183313265094,357.42918331326507,342,0.4211037353129067,0.4065281899109792,-4.578392674559375,-0.014575545401927459,0.4211037353129067,-0.014575545401927459,-1.4575545401927459
Mark Williams,356,235,10.908028015197635,460.09197198480234,471,0.6456359543450293,0.6601123595505618,3.0640528132577627,0.014476405205532505,0.6456359543450293,0.014476405205532505,1.4476405205532505
Marvin Bagley III,260,160,3.9931663469467766,325.0068336530532,329,0.6111898006628013,0.6153846153846154,1.5358332103641448,0.004194814721814155,0.6111898006628013,0.004194814721814155,0.4194814721814155
Matas Buzelis,618,293,-28.898478401614693,724.8984784016147,696,0.49786689647270155,0.4741100323624595,-4.676129191199788,-0.023756864110242026,0.49786689647270155,-0.023756864110242026,-2.3756864110242026
Max Christie,466,218,45.43400141426022,511.56599858573975,557,0.43638312731767676,0.4678111587982833,9.74978571121464,0.03142803148060652,0.43638312731767676,0.03142803148060652,3.1428031480606524
Maxime Raynaud,355,197,43.43294511902023,361.56705488097975,405,0.48876525764923634,0.5549295774647888,12.234632427893024,0.06616431981555243,0.48876525764923634,0.06616431981555243,6.616431981555243
Michael Porter Jr.,763,362,50.233340858692145,823.7666591413079,874,0.4468677547792357,0.4744429882044561,6.583661973616271,0.02757523342522039,0.4468677547792357,0.02757523342522039,2.757523342522039
Mikal Bridges,664,332,60.162363917962075,718.8376360820379,779,0.4585660768504708,0.5,9.060596975596697,0.041433923149529206,0.4585660768504708,0.041433923149529206,4.143392314952921
Miles Bridges,767,344,-44.75748645130745,844.7574864513075,800,0.4699680265839594,0.4485006518904824,-5.835395886741519,-0.021467374693477037,0.4699680265839594,-0.021467374693477037,-2.1467374693477037
Miles McBride,362,157,35.084733051051444,380.91526694894856,416,0.40309195485840177,0.43370165745856354,9.691915207472775,0.03060970260016177,0.40309195485840177,0.03060970260016177,3.060970260016177
Moses Moody,457,199,23.619064157612872,498.38093584238715,522,0.42012413835009393,0.43544857768052514,5.168285373657083,0.015324439330431205,0.42012413835009393,0.015324439330431205,1.5324439330431205
Moussa Diabaté,253,160,-8.942525241963276,329.94252524196327,321,0.6506022978560893,0.6324110671936759,-3.5345949572977373,-0.01819123066241335,0.6506022978560893,-0.01819123066241335,-1.819123066241335
Myles Turner,479,211,12.559193362737847,516.4408066372622,529,0.43467327622161167,0.4405010438413361,2.621961036062181,0.005827767619724422,0.43467327622161167,0.005827767619724422,0.5827767619724422
Naji Marshall,522,274,51.68748485935023,542.3125151406498,594,0.46640654314000574,0.524904214559387,9.901817022864028,0.058497671419381225,0.46640654314000574,0.058497671419381225,5.8497671419381225
Naz Reid,627,294,52.53305307354906,668.466946926451,721,0.43244509424293587,0.4688995215311005,8.378477364202402,0.036454427288164615,0.43244509424293587,0.036454427288164615,3.6454427288164615
Neemias Queta,326,207,5.691690831126019,408.30830916887396,414,0.6233885460037293,0.6349693251533742,1.745917432860742,0.011580779149644949,0.6233885460037293,0.011580779149644949,1.1580779149644949
Nic Claxton,434,256,-19.732675600594728,534.7326756005947,515,0.610203105477092,0.5898617511520737,-4.546699447141642,-0.020341354325018268,0.610203105477092,-0.020341354325018268,-2.034135432501827
Nickeil Alexander-Walker,837,366,-3.4067589305073405,898.4067589305073,895,0.4419950070312972,0.43727598566308246,-0.40702018285631314,-0.004719021368214726,0.4419950070312972,-0.004719021368214726,-0.47190213682147264
Nikola Jokić,649,385,169.88203703808477,676.1179629619153,846,0.47112076056636004,0.5932203389830508,26.175968726977622,0.12209957841669078,0.47112076056636004,0.12209957841669078,12.209957841669079
Nikola Jović,301,110,-60.92360473918951,323.9236047391895,263,0.4413161946327709,0.3654485049833887,-20.24040024557791,-0.07586768964938218,0.4413161946327709,-0.07586768964938218,-7.5867689649382175
Nikola Vučević,681,342,62.70087381934781,704.2991261806521,767,0.45786125441169817,0.5022026431718062,9.207176772297771,0.044341388760108014,0.45786125441169817,0.044341388760108014,4.434138876010802
Nique Clifford,311,127,-26.12838252814188,324.12838252814186,298,0.44280035816334684,0.40836012861736337,-8.401409173035974,-0.03444022954598347,0.44280035816334684,-0.03444022954598347,-3.444022954598347
Noah Clowney,477,187,-51.95244976509763,523.9524497650976,472,0.43197993047377264,0.3920335429769392,-10.891498902536192,-0.039946387496833435,0.43197993047377264,-0.039946387496833435,-3.9946387496833435
Norman Powell,728,345,56.81558443281028,763.1844155671897,820,0.44296381944937135,0.4739010989010989,7.804338520990424,0.03093727945172753,0.44296381944937135,0.03093727945172753,3.093727945172753
OG Anunoby,499,239,-45.83993404884951,608.8399340488495,563,0.5239668154879001,0.4789579158316633,-9.186359528827555,-0.045008899656236834,0.5239668154879001,-0.045008899656236834,-4.500889965623683
Onyeka Okongwu,611,295,13.538655403594868,676.4613445964052,690,0.4730518307849655,0.4828150572831424,2.215819214990977,0.009763226498176902,0.4730518307849655,0.009763226498176902,0.9763226498176902
P.J. Washington,446,199,-52.128379260717914,495.1283792607179,443,0.49338105616170846,0.4461883408071749,-11.687977412717022,-0.047192715354533565,0.49338105616170846,-0.047192715354533565,-4.719271535453356
Paolo Banchero,654,299,-50.09308724082806,695.093087240828,645,0.4885618811275766,0.45718654434250766,-7.659493461900316,-0.03137533678506893,0.4885618811275766,-0.03137533678506893,-3.137533678506893
Pascal Siakam,921,444,43.162473457706135,934.8375265422939,978,0.46030928616649647,0.4820846905537459,4.686479202791111,0.021775404387249453,0.46030928616649647,0.021775404387249453,2.1775404387249453
Patrick Williams,317,121,-35.3995015987563,343.39950159875633,308,0.44461074379962495,0.38170347003154576,-11.167035204654985,-0.0629072737680792,0.44461074379962495,-0.0629072737680792,-6.2907273768079195
Paul George,354,150,2.2349376586147343,363.76506234138526,366,0.42491524088026583,0.423728813559322,0.6313383216425803,-0.001186427320943817,0.42491524088026583,-0.001186427320943817,-0.1186427320943817
Payton Pritchard,726,333,78.82036056917671,720.1796394308233,799,0.40562574576228044,0.45867768595041325,10.856798976470621,0.05305194018813281,0.40562574576228044,0.05305194018813281,5.305194018813281
Pelle Larsson,333,165,0.9513925892413257,371.0486074107587,372,0.48734928246486287,0.4954954954954955,0.28570348025265035,0.00814621303063262,0.48734928246486287,0.00814621303063262,0.8146213030632621
Peyton Watson,532,264,8.223131003781551,594.7768689962185,603,0.4967378882023819,0.49624060150375937,1.5457013165002915,-0.0004972866986225344,0.4967378882023819,-0.0004972866986225344,-0.04972866986225344
Precious Achiuwa,283,141,-27.44172267528987,325.4417226752899,298,0.5396514198733766,0.49823321554770317,-9.696721793388646,-0.04141820432567345,0.5396514198733766,-0.04141820432567345,-4.141820432567345
Quentin Grimes,449,197,-18.85942978113558,499.8594297811356,481,0.4549919469248313,0.43875278396436523,-4.200318436778526,-0.01623916296046607,0.4549919469248313,-0.01623916296046607,-1.623916296046607
Quinten Post,352,153,-2.20269180143786,387.2026918014379,385,0.43019655222410874,0.4346590909090909,-0.6257647163175738,0.0044625386849821425,0.43019655222410874,0.0044625386849821425,0.44625386849821425
RJ Barrett,426,204,-4.95526495537367,465.95526495537365,461,0.4795557948239658,0.4788732394366197,-1.163207736003209,-0.0006825553873461288,0.4795557948239658,-0.0006825553873461288,-0.06825553873461288
Reed Sheppard,562,237,22.120703434780566,570.8792965652194,593,0.4088807197417732,0.42170818505338076,3.936068226829282,0.012827465311607555,0.4088807197417732,0.012827465311607555,1.2827465311607555
Ronald Holland II,351,145,-78.94519796039508,398.9451979603951,320,0.4981297436713074,0.4131054131054131,-22.49150939042595,-0.08502433056589431,0.4981297436713074,-0.08502433056589431,-8.502433056589432
Royce O'Neale,448,190,53.483631936936284,472.51636806306374,526,0.3845233936073483,0.42410714285714285,11.93831070020899,0.039583749249794575,0.3845233936073483,0.039583749249794575,3.9583749249794575
Rudy Gobert,336,236,-1.8127511793113509,473.81275117931136,472,0.704024794863979,0.7023809523809523,-0.5395092795569496,-0.0016438424830266252,0.704024794863979,-0.0016438424830266252,-0.16438424830266252
Rui Hachimura,384,197,61.07571862304164,409.92428137695833,471,0.45093456930628933,0.5130208333333334,15.905135058083761,0.062086264027044036,0.45093456930628933,0.062086264027044036,6.208626402704404
Russell Westbrook,683,294,-15.659183768603164,710.6591837686032,695,0.43719730002774776,0.43045387994143486,-2.292706261874548,-0.006743420086312901,0.43719730002774776,-0.006743420086312901,-0.6743420086312901
Ryan Dunn,252,110,-43.93048327178897,300.93048327178894,257,0.5114261524600211,0.4365079365079365,-17.432731457059116,-0.07491821595208459,0.5114261524600211,-0.07491821595208459,-7.491821595208458
Ryan Rollins,712,330,34.208723577727994,747.7912764222721,782,0.44926248553934595,0.46348314606741575,4.804596008107865,0.014220660528069806,0.44926248553934595,0.014220660528069806,1.4220660528069806
Saddiq Bey,609,274,-42.501165642193754,679.5011656421938,637,0.4797209084726256,0.44991789819376027,-6.978844933036742,-0.02980301027886534,0.4797209084726256,-0.02980301027886534,-2.980301027886534
Sam Hauser,382,156,36.83403384648934,403.1659661535107,440,0.37333103834573234,0.4083769633507853,9.642417237300876,0.03504592500505299,0.37333103834573234,0.03504592500505299,3.504592500505299
Sam Merrill,273,127,62.2265884405438,291.7734115594562,354,0.38774976516620113,0.4652014652014652,22.79362213939333,0.07745170003526408,0.38774976516620113,0.07745170003526408,7.745170003526408
Sandro Mamukelashvili,419,222,36.545126396697775,481.45487360330225,518,0.4917762869616319,0.5298329355608592,8.72198720684911,0.038056648599227305,0.4917762869616319,0.038056648599227305,3.8056648599227305
Santi Aldama,476,228,15.447481930364514,510.5525180696355,526,0.4592874039517236,0.4789915966386555,3.245269313101789,0.019704192686931854,0.4592874039517236,0.019704192686931854,1.9704192686931854
Scottie Barnes,793,401,-20.00695646832974,871.0069564683297,851,0.5123026785985074,0.5056746532156369,-2.522945330180295,-0.00662802538287055,0.5123026785985074,-0.00662802538287055,-0.662802538287055
Shaedon Sharpe,847,386,-38.488142766013794,911.4881427660138,873,0.4748981953215689,0.4557260920897285,-4.54405463589301,-0.01917210323184043,0.4748981953215689,-0.01917210323184043,-1.9172103231840432
Shai Gilgeous-Alexander,964,534,190.3438289894297,964.6561710105702,1155,0.45888039698442085,0.553941908713693,19.74521047608192,0.09506151172927213,0.45888039698442085,0.09506151172927213,9.506151172927213
Sidy Cissoko,263,106,-40.501468856121626,305.5014688561216,265,0.46476039776893124,0.40304182509505704,-15.39979804415271,-0.061718572673874206,0.46476039776893124,-0.061718572673874206,-6.171857267387421
Simone Fontecchio,367,144,-24.61484229478876,403.6148422947888,379,0.4233497663949489,0.3923705722070845,-6.707041497217646,-0.030979194187864434,0.4233497663949489,-0.030979194187864434,-3.0979194187864434
Stephen Curry,744,348,118.34277635804135,752.6572236419587,871,0.4011723026236735,0.46774193548387094,15.906287144898032,0.06656963286019746,0.4011723026236735,0.06656963286019746,6.656963286019746
Stephon Castle,525,245,-49.218376958711886,585.2183769587119,536,0.5026322040167963,0.4666666666666667,-9.374928944516551,-0.03596553735012964,0.5026322040167963,-0.03596553735012964,-3.596553735012964
Svi Mykhailiuk,308,146,28.20000653517842,340.79999346482157,369,0.43280644725282286,0.474025974025974,9.155846277655332,0.04121952677315116,0.43280644725282286,0.04121952677315116,4.121952677315116
T.J. McConnell,321,172,49.954909566668384,306.0450904333316,356,0.45520764576495537,0.5358255451713395,15.562277123572704,0.08061789940638414,0.45520764576495537,0.08061789940638414,8.061789940638414
Tari Eason,294,137,15.139553143556077,323.8604468564439,339,0.46520850487051746,0.46598639455782315,5.14950787195785,0.0007778896873056884,0.46520850487051746,0.0007778896873056884,0.07778896873056884
Terance Mann,277,126,-15.95522232852454,306.95522232852454,291,0.4790752104672411,0.4548736462093863,-5.760008060839184,-0.024201564257854802,0.4790752104672411,-0.024201564257854802,-2.42015642578548
Tim Hardaway Jr.,535,239,62.48677615995749,566.5132238400425,629,0.40318949113801317,0.44672897196261685,11.679771244851867,0.04353948082460368,0.40318949113801317,0.04353948082460368,4.353948082460368
Tobias Harris,384,175,-6.170420784431338,407.1704207844313,401,0.461118702252636,0.4557291666666667,-1.6068804126123275,-0.0053895355859693295,0.461118702252636,-0.0053895355859693295,-0.538953558596933
Toumani Camara,578,253,-4.42990618749579,650.4299061874958,646,0.4395785665446296,0.43771626297577854,-0.7664197556221091,-0.001862303568851087,0.4395785665446296,-0.001862303568851087,-0.1862303568851087
Tre Johnson,410,182,40.74540390102503,407.25459609897496,448,0.4043226688787533,0.44390243902439025,9.93790339049391,0.03957977014563696,0.4043226688787533,0.03957977014563696,3.957977014563696
Tre Jones,302,166,22.94094568842817,330.05905431157186,353,0.5073957710183749,0.5496688741721855,7.596339631929857,0.04227310315381061,0.5073957710183749,0.04227310315381061,4.227310315381061
Trey Murphy III,833,397,33.84417569062714,926.1558243093729,960,0.4635922667925366,0.4765906362545018,4.062926253376607,0.012998369461965198,0.4635922667925366,0.012998369461965198,1.2998369461965198
Tristan da Silva,358,153,-19.63264901135631,393.6326490113563,374,0.45408512099440673,0.4273743016759777,-5.483980170769919,-0.026710819318429058,0.45408512099440673,-0.026710819318429058,-2.671081931842906
Tyrese Martin,255,100,-19.487630050103174,270.4876300501032,251,0.42404991440683254,0.39215686274509803,-7.642207862785559,-0.031893051661734506,0.42404991440683254,-0.031893051661734506,-3.1893051661734506
Tyrese Maxey,1096,515,58.916016391739035,1142.083983608261,1201,0.44887048872841967,0.4698905109489051,5.375548940852102,0.021020022220485435,0.44887048872841967,0.021020022220485435,2.1020022220485437
VJ Edgecombe,637,270,-57.95095356472231,697.9509535647223,640,0.4692002274692511,0.423861852433281,-9.09748093637713,-0.0453383750359701,0.4692002274692511,-0.0453383750359701,-4.53383750359701
Victor Wembanyama,617,313,-7.7645668261347245,700.7645668261347,693,0.5137029670335551,0.5072933549432739,-1.2584387076393395,-0.006409612090281236,0.5137029670335551,-0.006409612090281236,-0.6409612090281236
Vince Williams Jr.,270,95,-46.48305132489576,286.48305132489577,240,0.4199572426510748,0.35185185185185186,-17.21594493514658,-0.06810539079922295,0.4199572426510748,-0.06810539079922295,-6.810539079922295
Vít Krejčí,337,154,50.35933196001193,364.64066803998804,415,0.4001485122231358,0.456973293768546,14.943421946591076,0.05682478154541021,0.4001485122231358,0.05682478154541021,5.682478154541021
Walter Clayton Jr.,275,110,-19.8085298919053,284.8085298919053,265,0.4192140071727549,0.4,-7.203101778874656,-0.0192140071727549,0.4192140071727549,-0.0192140071727549,-1.9214007172754899
Wendell Carter Jr.,420,209,-19.06005310123935,494.06005310123936,475,0.5132677736302007,0.4976190476190476,-4.5381078812474644,-0.01564872601115308,0.5132677736302007,-0.01564872601115308,-1.564872601115308
Will Riley,262,112,-14.562970196125022,274.56297019612504,260,0.4522915877668171,0.42748091603053434,-5.558385571040084,-0.024810671736282763,0.4522915877668171,-0.024810671736282763,-2.4810671736282766
Zaccharie Risacher,377,170,-28.04512661014822,431.0451266101482,403,0.48438347380950747,0.4509283819628647,-7.4390256260340095,-0.03345509184664275,0.48438347380950747,-0.03345509184664275,-3.345509184664275
Zach LaVine,547,262,48.3765791332329,574.6234208667671,623,0.4422071723479919,0.4789762340036563,8.843981560006014,0.0367690616556644,0.4422071723479919,0.0367690616556644,3.6769061655664403
Ziaire Williams,275,113,-31.569761446113386,315.5697614461134,284,0.4479597512559737,0.4109090909090909,-11.47991325313214,-0.03705066034688281,0.4479597512559737,-0.03705066034688281,-3.705066034688281
Zion Williamson,529,308,4.535041640666342,611.4649583593337,616,0.5769549449027247,0.5822306238185255,0.8572857543792707,0.00527567891580083,0.5769549449027247,0.00527567891580083,0.527567891580083
